--mysql
SET FOREIGN_KEY_CHECKS=0;

INSERT INTO `s_all` VALUES ('1327', 'P_MIDDB', '中间库信息表', '1', '2', null, '');
INSERT INTO `s_all` VALUES ('1328', 'P_MIDTB', '中间表信息表', '1', '2', null, '');
-- ----------------------------
-- Table structure for F_P_MIDDB
-- ----------------------------
DROP TABLE IF EXISTS `F_P_MIDDB`;
CREATE TABLE `F_P_MIDDB` (
  `DID` int(11) NOT NULL,
  `FIELDNAME` varchar(32) NOT NULL,
  `CHNAME` varchar(64) NOT NULL,
  `FIELDTYPE` int(11) NOT NULL,
  `LENGTH` int(11) DEFAULT NULL,
  `NOTNULL` int(11) DEFAULT NULL,
  `NOTDUP` int(11) DEFAULT NULL,
  `NOTINWEB` int(11) DEFAULT NULL,
  `FCATTR` int(11) DEFAULT NULL,
  `FMATTR` int(11) DEFAULT NULL,
  `READONLYCOLS` varchar(16) DEFAULT NULL,
  PRIMARY KEY (`DID`)
) ENGINE=InnoDB DEFAULT CHARSET=utf8;

-- ----------------------------
-- Records of F_P_MIDDB
-- ----------------------------
INSERT INTO `F_P_MIDDB` VALUES ('1', 'DID', 'DID', '3', '50', '1', '1', '0', '1', '0', '0100000111000000');
INSERT INTO `F_P_MIDDB` VALUES ('2', 'DALXCHNAME', 'DALXCHNAME', '1', '50', '1', '0', '0', '1', '0', '0100000111000000');
INSERT INTO `F_P_MIDDB` VALUES ('3', 'LIBCODE', 'LIBCODE', '3', '49', '1', '0', '0', '1', '0', '0100000111000000');
INSERT INTO `F_P_MIDDB` VALUES ('4', 'DBURL', 'DBURL', '1', '65', '1', '1', '0', '1', '0', '0100000111000000');
INSERT INTO `F_P_MIDDB` VALUES ('5', 'DBNAME', 'DBNAME', '1', '50', '1', '1', '0', '1', '0', '0100000111000000');
INSERT INTO `F_P_MIDDB` VALUES ('6', 'DBTYPE', 'DBTYPE', '1', '50', '1', '1', '0', '1', '0', '0100000111000000');
INSERT INTO `F_P_MIDDB` VALUES ('7', 'USERNAME', 'USERNAME', '1', '50', '1', '1', '0', '1', '0', '0100000111000000');
INSERT INTO `F_P_MIDDB` VALUES ('8', 'PASSWORD', 'PASSWORD', '1', '50', '1', '1', '0', '1', '0', '0100000111000000');
INSERT INTO `F_P_MIDDB` VALUES ('9', 'MAXLEVEL', 'MAXLEVEL', '1', '50', '1', '1', '0', '1', '0', '0100000111000000');
INSERT INTO `F_P_MIDDB` VALUES ('10', 'BZ', 'BZ', '1', '512', '0', '0', '0', '1', '0', '0100000111000000');

-- ----------------------------
-- Table structure for F_P_MIDTB
-- ----------------------------
DROP TABLE IF EXISTS `F_P_MIDTB`;
CREATE TABLE `F_P_MIDTB` (
  `DID` int(11) NOT NULL,
  `FIELDNAME` varchar(32) NOT NULL,
  `CHNAME` varchar(64) NOT NULL,
  `FIELDTYPE` int(11) NOT NULL,
  `LENGTH` int(11) DEFAULT NULL,
  `NOTNULL` int(11) DEFAULT NULL,
  `NOTDUP` int(11) DEFAULT NULL,
  `NOTINWEB` int(11) DEFAULT NULL,
  `FCATTR` int(11) DEFAULT NULL,
  `FMATTR` int(11) DEFAULT NULL,
  `READONLYCOLS` varchar(16) DEFAULT NULL,
  PRIMARY KEY (`DID`)
) ENGINE=InnoDB DEFAULT CHARSET=utf8;

-- ----------------------------
-- Records of F_P_MIDTB
-- ----------------------------
INSERT INTO `F_P_MIDTB` VALUES ('1', 'PID', 'PID', '3', '50', '1', '1', '0', '1', '0', '0100000111000000');
INSERT INTO `F_P_MIDTB` VALUES ('2', 'DID', 'DID', '3', '50', '1', '1', '0', '1', '0', '0100000111000000');
INSERT INTO `F_P_MIDTB` VALUES ('3', 'STBNAME', 'STBNAME', '1', '50', '1', '1', '0', '1', '0', '0100000111000000');
INSERT INTO `F_P_MIDTB` VALUES ('4', 'TTBNAME', 'TTBNAME', '1', '50', '1', '1', '0', '1', '0', '0100000111000000');
INSERT INTO `F_P_MIDTB` VALUES ('5', 'MTBNAME', 'MTBNAME', '1', '50', '1', '1', '0', '1', '0', '0100000111000000');
INSERT INTO `F_P_MIDTB` VALUES ('6', 'SSQL', 'SSQL', '1', '1000', '1', '1', '0', '1', '0', '0100000111000000');
INSERT INTO `F_P_MIDTB` VALUES ('7', 'PIDSQL', 'PIDSQL', '1', '1000', '0', '0', '0', '1', '0', '0100000111000000');
INSERT INTO `F_P_MIDTB` VALUES ('8', 'CALLBACKSQL', 'CALLBACKSQL', '1', '1000', '0', '0', '0', '1', '0', '0100000111000000');
INSERT INTO `F_P_MIDTB` VALUES ('9', 'BZ', 'BZ', '1', '100', '0', '0', '0', '1', '0', '0100000111000000');
INSERT INTO `F_P_MIDTB` VALUES ('10', 'DEFAULTFIELD', 'DEFAULTFIELD', '1', '1000', '0', '0', '0', '1', '0', '0100000111000000');
INSERT INTO `F_P_MIDTB` VALUES ('11', 'DEFAULTVALUE', 'DEFAULTVALUE', '1', '1000', '0', '0', '0', '1', '0', '0100000111000000');
INSERT INTO `F_P_MIDTB` VALUES ('12', 'UPDATESQL', 'UPDATESQL', '1', '1000', '0', '0', '0', '1', '0', '0100000111000000');

--上面语句执行过 需要点击创建库，然后执行下面语句
INSERT INTO `P_MIDDB` VALUES ('1', '输电工程', '3', '127.0.0.1:1433', 'GZED_THAMSXP', 'MSSQL', 'sa', 'ams2000', 'PRJ', null);
INSERT INTO `P_MIDTB` VALUES ('1', '1', 'LIBPRJ5', 'D_PRJ3', '中间表字段关系映射_D_PRJ3', 'SELECT CREATETIME,PRJCODE,PRJNAME,XMFZR,GCLB,LXRQ,F1,F2 FROM LIBPRJ5 WHERE KYWCRQ<>1 OR KYWCRQ IS NULL', '', '', '', 'STATUS,ATTR,ATTREX,BMID,QZH', '0,0,0,`52`,`52`', 'UPDATE LIBPRJ5 SET KYWCRQ=1 WHERE PRJCODE=`-$PRJCODE$--`');
INSERT INTO `P_MIDTB` VALUES ('1', '2', 'LIBVOL5', 'D_VOL5', '中间表字段关系映射_D_VOL3', 'SELECT AUTHOR,CREATETIME,EDITOR,EDITTIME,BMDM,PRJCODE,KEYWORD,TITLE,FLH,AJH,BGQX,MJ,GCLB,ZY,BZZ,RKSJ,MLYS,TYZS,SJDW,GCDZ,XMMC,SJJD,BZSJ,DJSJ,TZZS,CTZS,BZDW,DAWZ,CBSJ,XHBZ,DWDH from LIBVOL5 WHERE F3<>`` OR F3 IS NULL', 'SELECT DID FROM D_PRJ3 WHERE PRJCODE=`--$XMDH$--`', null, null, 'STATUS,ATTR,ATTREX,BMID,QZH', '0,0,0,`52`,`52`', 'UPDATE LIBVOL5 SET F3=`1` WHERE KEYWORD=`--$KEYWORD$--`');




--sqlserver
 
--这里用s_all的maxdid+1 作为426的替代
INSERT INTO s_all VALUES ('426', 'P_MIDDB', '中间库信息表', '1', '2', null, '');
INSERT INTO s_all VALUES ('427', 'P_MIDTB', '中间表信息表', '1', '2', null, '');


CREATE TABLE F_P_MIDDB (
  DID int NOT NULL PRIMARY KEY,
  FIELDNAME varchar(32) NOT NULL,
  CHNAME varchar(64) NOT NULL,
  FIELDTYPE int NOT NULL,
  LENGTH int DEFAULT NULL,
  NOTNULL int DEFAULT NULL,
  NOTDUP int DEFAULT NULL,
  NOTINWEB int DEFAULT NULL,
  FCATTR int DEFAULT NULL,
  FMATTR int DEFAULT NULL,
  READONLYCOLS varchar(16) DEFAULT NULL
);

INSERT INTO F_P_MIDDB VALUES ('1', 'DID', 'DID', '3', '50', '1', '1', '0', '1', '0', '0100000111000000');
INSERT INTO F_P_MIDDB VALUES ('2', 'DALXCHNAME', 'DALXCHNAME', '1', '50', '1', '0', '0', '1', '0', '0100000111000000');
INSERT INTO F_P_MIDDB VALUES ('3', 'LIBCODE', 'LIBCODE', '3', '49', '1', '0', '0', '1', '0', '0100000111000000');
INSERT INTO F_P_MIDDB VALUES ('4', 'DBURL', 'DBURL', '1', '65', '1', '1', '0', '1', '0', '0100000111000000');
INSERT INTO F_P_MIDDB VALUES ('5', 'DBNAME', 'DBNAME', '1', '50', '1', '1', '0', '1', '0', '0100000111000000');
INSERT INTO F_P_MIDDB VALUES ('6', 'DBTYPE', 'DBTYPE', '1', '50', '1', '1', '0', '1', '0', '0100000111000000');
INSERT INTO F_P_MIDDB VALUES ('7', 'USERNAME', 'USERNAME', '1', '50', '1', '1', '0', '1', '0', '0100000111000000');
INSERT INTO F_P_MIDDB VALUES ('8', 'PASSWORD', 'PASSWORD', '1', '50', '1', '1', '0', '1', '0', '0100000111000000');
INSERT INTO F_P_MIDDB VALUES ('9', 'MAXLEVEL', 'MAXLEVEL', '1', '50', '1', '1', '0', '1', '0', '0100000111000000');
INSERT INTO F_P_MIDDB VALUES ('10', 'BZ', 'BZ', '1', '512', '0', '0', '0', '1', '0', '0100000111000000');


CREATE TABLE F_P_MIDTB (
  DID int NOT NULL  PRIMARY KEY ,
  FIELDNAME varchar(32) NOT NULL,
  CHNAME varchar(64) NOT NULL,
  FIELDTYPE int NOT NULL,
  LENGTH int DEFAULT NULL,
  NOTNULL int DEFAULT NULL,
  NOTDUP int DEFAULT NULL,
  NOTINWEB int DEFAULT NULL,
  FCATTR int DEFAULT NULL,
  FMATTR int DEFAULT NULL,
  READONLYCOLS varchar(16) DEFAULT NULL );


INSERT INTO F_P_MIDTB VALUES ('1', 'PID', 'PID', '3', '50', '1', '1', '0', '1', '0', '0100000111000000');
INSERT INTO F_P_MIDTB VALUES ('2', 'DID', 'DID', '3', '50', '1', '1', '0', '1', '0', '0100000111000000');
INSERT INTO F_P_MIDTB VALUES ('3', 'STBNAME', 'STBNAME', '1', '50', '1', '1', '0', '1', '0', '0100000111000000');
INSERT INTO F_P_MIDTB VALUES ('4', 'TTBNAME', 'TTBNAME', '1', '50', '1', '1', '0', '1', '0', '0100000111000000');
INSERT INTO F_P_MIDTB VALUES ('5', 'MTBNAME', 'MTBNAME', '1', '50', '1', '1', '0', '1', '0', '0100000111000000');
INSERT INTO F_P_MIDTB VALUES ('6', 'SSQL', 'SSQL', '1', '1000', '1', '1', '0', '1', '0', '0100000111000000');
INSERT INTO F_P_MIDTB VALUES ('7', 'PIDSQL', 'PIDSQL', '1', '1000', '0', '0', '0', '1', '0', '0100000111000000');
INSERT INTO F_P_MIDTB VALUES ('8', 'CALLBACKSQL', 'CALLBACKSQL', '1', '1000', '0', '0', '0', '1', '0', '0100000111000000');
INSERT INTO F_P_MIDTB VALUES ('9', 'BZ', 'BZ', '1', '100', '0', '0', '0', '1', '0', '0100000111000000');
INSERT INTO F_P_MIDTB VALUES ('10', 'DEFAULTFIELD', 'DEFAULTFIELD', '1', '1000', '0', '0', '0', '1', '0', '0100000111000000');
INSERT INTO F_P_MIDTB VALUES ('11', 'DEFAULTVALUE', 'DEFAULTVALUE', '1', '1000', '0', '0', '0', '1', '0', '0100000111000000');
INSERT INTO F_P_MIDTB VALUES ('12', 'UPDATESQL', 'UPDATESQL', '1', '1000', '0', '0', '0', '1', '0', '0100000111000000');


--上面语句执行过 需要点击创建库，然后执行下面语句
INSERT INTO P_MIDDB VALUES ('1', '输电工程', '3', '127.0.0.1:1433', 'GZED_THAMSXP', 'MSSQL', 'sa', 'ams2000', 'PRJ', null);
INSERT INTO P_MIDTB VALUES ('1', '1', 'LIBPRJ5', 'D_PRJ53', '中间表字段关系映射_D_PRJ3', 'SELECT CREATETIME,PRJCODE,PRJNAME,XMFZR,GCLB,LXRQ,F1,F2  FROM LIBPRJ5 WHERE KYWCRQ<>1 OR KYWCRQ IS NULL', '', '', '', 'STATUS,ATTR,ATTREX,BMID,QZH', '0,0,0,`52`,`52`', 'UPDATE LIBPRJ5 SET KYWCRQ=1 WHERE PRJCODE=''--$PRJCODE$--''');
INSERT INTO P_MIDTB VALUES ('1', '2', 'LIBVOL5', 'D_VOL5', '中间表字段关系映射_D_VOL3', 'SELECT AUTHOR,CREATETIME,EDITOR,EDITTIME,BMDM,PRJCODE,KEYWORD,TITLE,FLH,AJH,BGQX,MJ,GCLB,ZY,BZZ,RKSJ,MLYS,TYZS,SJDW,GCDZ,XMMC,SJJD,BZSJ,DJSJ,TZZS,CTZS,BZDW,DAWZ,CBSJ,XHBZ,DWDH from LIBVOL5 WHERE F3<>'' OR F3 IS NULL', 'SELECT DID FROM D_PRJ3 WHERE PRJCODE=''--$XMDH$--''', null, null, 'STATUS,ATTR,ATTREX,BMID,QZH', '0,0,0,`52`,`52`', 'UPDATE LIBVOL5 SET F3=''1'' WHERE KEYWORD=''--$KEYWORD$--''');



---oracle
 
--这里用s_all的maxdid+1 作为639的替代
INSERT INTO s_all VALUES ('639', 'P_MIDDB', '中间库信息表', '1', '2', null, '');
INSERT INTO s_all VALUES ('640', 'P_MIDTB', '中间表信息表', '1', '2', null, '');


CREATE TABLE F_P_MIDDB (
  DID number(11) NOT NULL PRIMARY KEY,
  FIELDNAME varchar2(32) NOT NULL,
  CHNAME varchar2(64) NOT NULL,
  FIELDTYPE number(11) NOT NULL,
  LENGTH number(11) DEFAULT NULL,
  NOTNULL number(11) DEFAULT NULL,
  NOTDUP number(11) DEFAULT NULL,
  NOTINWEB number(11) DEFAULT NULL,
  FCATTR number(11) DEFAULT NULL,
  FMATTR number(11) DEFAULT NULL,
  READONLYCOLS varchar2(16) DEFAULT NULL
);
 
INSERT INTO F_P_MIDDB VALUES ('1', 'DID', 'DID', '3', '50', '1', '1', '0', '1', '0', '0100000111000000');
INSERT INTO F_P_MIDDB VALUES ('2', 'DALXCHNAME', 'DALXCHNAME', '1', '50', '1', '0', '0', '1', '0', '0100000111000000');
INSERT INTO F_P_MIDDB VALUES ('3', 'LIBCODE', 'LIBCODE', '3', '49', '1', '0', '0', '1', '0', '0100000111000000');
INSERT INTO F_P_MIDDB VALUES ('4', 'DBURL', 'DBURL', '1', '65', '1', '1', '0', '1', '0', '0100000111000000');
INSERT INTO F_P_MIDDB VALUES ('5', 'DBNAME', 'DBNAME', '1', '50', '1', '1', '0', '1', '0', '0100000111000000');
INSERT INTO F_P_MIDDB VALUES ('6', 'DBTYPE', 'DBTYPE', '1', '50', '1', '1', '0', '1', '0', '0100000111000000');
INSERT INTO F_P_MIDDB VALUES ('7', 'USERNAME', 'USERNAME', '1', '50', '1', '1', '0', '1', '0', '0100000111000000');
INSERT INTO F_P_MIDDB VALUES ('8', 'PASSWORD', 'PASSWORD', '1', '50', '1', '1', '0', '1', '0', '0100000111000000');
INSERT INTO F_P_MIDDB VALUES ('9', 'MAXLEVEL', 'MAXLEVEL', '1', '50', '1', '1', '0', '1', '0', '0100000111000000');
INSERT INTO F_P_MIDDB VALUES ('10', 'BZ', 'BZ', '1', '512', '0', '0', '0', '1', '0', '0100000111000000');


CREATE TABLE F_P_MIDTB (
  DID number(11) NOT NULL  PRIMARY KEY , 
  FIELDNAME varchar2(32) NOT NULL,
  CHNAME varchar2(64) NOT NULL,
  FIELDTYPE number(11) NOT NULL,
  LENGTH number(11) DEFAULT NULL,
  NOTNULL number(11) DEFAULT NULL,
  NOTDUP number(11) DEFAULT NULL,
  NOTINWEB number(11) DEFAULT NULL,
  FCATTR number(11) DEFAULT NULL,
  FMATTR number(11) DEFAULT NULL,
  READONLYCOLS varchar2(16) DEFAULT NULL
);
 
INSERT INTO F_P_MIDTB VALUES ('1', 'PID', 'PID', '3', '50', '1', '1', '0', '1', '0', '0100000111000000');
INSERT INTO F_P_MIDTB VALUES ('2', 'DID', 'DID', '3', '50', '1', '1', '0', '1', '0', '0100000111000000');
INSERT INTO F_P_MIDTB VALUES ('3', 'STBNAME', 'STBNAME', '1', '50', '1', '1', '0', '1', '0', '0100000111000000');
INSERT INTO F_P_MIDTB VALUES ('4', 'TTBNAME', 'TTBNAME', '1', '50', '1', '1', '0', '1', '0', '0100000111000000');
INSERT INTO F_P_MIDTB VALUES ('5', 'MTBNAME', 'MTBNAME', '1', '50', '1', '1', '0', '1', '0', '0100000111000000');
INSERT INTO F_P_MIDTB VALUES ('6', 'SSQL', 'SSQL', '1', '1000', '1', '1', '0', '1', '0', '0100000111000000');
INSERT INTO F_P_MIDTB VALUES ('7', 'PIDSQL', 'PIDSQL', '1', '1000', '0', '0', '0', '1', '0', '0100000111000000');
INSERT INTO F_P_MIDTB VALUES ('8', 'CALLBACKSQL', 'CALLBACKSQL', '1', '1000', '0', '0', '0', '1', '0', '0100000111000000');
INSERT INTO F_P_MIDTB VALUES ('9', 'BZ', 'BZ', '1', '100', '0', '0', '0', '1', '0', '0100000111000000');
INSERT INTO F_P_MIDTB VALUES ('10', 'DEFAULTFIELD', 'DEFAULTFIELD', '1', '1000', '0', '0', '0', '1', '0', '0100000111000000');
INSERT INTO F_P_MIDTB VALUES ('11', 'DEFAULTVALUE', 'DEFAULTVALUE', '1', '1000', '0', '0', '0', '1', '0', '0100000111000000');
INSERT INTO F_P_MIDTB VALUES ('12', 'UPDATESQL', 'UPDATESQL', '1', '1000', '0', '0', '0', '1', '0', '0100000111000000');

--上面语句执行过 需要点击创建库，然后执行下面语句
INSERT INTO P_MIDDB VALUES ('1', '输电工程', '3', '127.0.0.1:1433', 'GZED_THAMSXP', 'MSSQL', 'sa', 'ams2000', 'PRJ', null);
INSERT INTO P_MIDTB VALUES ('1', '1', 'LIBPRJ5', 'D_PRJ3', '中间表字段关系映射_D_PRJ3', 'SELECT CREATETIME,PRJCODE,PRJNAME,XMFZR,GCLB,LXRQ,F1,F2  FROM LIBPRJ5 WHERE KYWCRQ<>1 OR KYWCRQ IS NULL', '', '', '', 'STATUS,ATTR,ATTREX,BMID,QZH', '0,0,0,`52`,`52`', 'KYWCRQ=0;KYWCRQ=1;PRJCODE');
INSERT INTO P_MIDTB VALUES ('1', '2', 'LIBVOL5', 'D_VOL5', '中间表字段关系映射_D_VOL3', 'SELECT AUTHOR,CREATETIME,EDITOR,EDITTIME,BMDM,PRJCODE,KEYWORD,TITLE,FLH,AJH,BGQX,MJ,GCLB,ZY,BZZ,RKSJ,MLYS,TYZS,SJDW,GCDZ,XMMC,SJJD,BZSJ,DJSJ,TZZS,CTZS,BZDW,DAWZ,CBSJ,XHBZ,DWDH from LIBVOL5 WHERE F3<>'' OR F3 IS NULL', 'SELECT DID FROM D_PRJ3 WHERE PRJCODE=''--$XMDH$--''', null, null, 'STATUS,ATTR,ATTREX,BMID,QZH', '0,0,0,`52`,`52`', 'UPDATE LIBVOL5 SET F3=''1'' WHERE KEYWORD=''--$KEYWORD$--''');



-- 创建字段对应p表--------------------------------------------------------------------
1. 添加代码库。录入名字 比如tblchname叫测试的
2. s_all找到表名 P_428
3. 修改对应脚本。替换表名
4. 执行insert 别忘记替换表名
5. 创建代码库
--mysql
CREATE TABLE F_P_428 (
  DID int(11) NOT NULL,
  FIELDNAME varchar(32) NOT NULL,
  CHNAME varchar(64) NOT NULL,
  FIELDTYPE int(11) NOT NULL,
  LENGTH int(11) DEFAULT NULL,
  NOTNULL int(11) DEFAULT NULL,
  NOTDUP int(11) DEFAULT NULL,
  NOTINWEB int(11) DEFAULT NULL,
  FCATTR int(11) DEFAULT NULL,
  FMATTR int(11) DEFAULT NULL,
  READONLYCOLS varchar(16) DEFAULT NULL,
  PRIMARY KEY (DID)
)
--sqlserver
CREATE TABLE F_P_428 (
  DID int NOT NULL  PRIMARY KEY,
  FIELDNAME varchar(32) NOT NULL,
  CHNAME varchar(64) NOT NULL,
  FIELDTYPE int NOT NULL,
  LENGTH int DEFAULT NULL,
  NOTNULL int DEFAULT NULL,
  NOTDUP int DEFAULT NULL,
  NOTINWEB int DEFAULT NULL,
  FCATTR int DEFAULT NULL,
  FMATTR int DEFAULT NULL,
  READONLYCOLS varchar(16) DEFAULT NULL);
--oracle
CREATE TABLE F_P_428 (
  DID number(11) NOT NULL PRIMARY KEY ,
  FIELDNAME varchar2(32) NOT NULL,
  CHNAME varchar2(64) NOT NULL,
  FIELDTYPE number(11) NOT NULL,
  LENGTH number(11) DEFAULT NULL,
  NOTNULL number(11) DEFAULT NULL,
  NOTDUP number(11) DEFAULT NULL,
  NOTINWEB number(11) DEFAULT NULL,
  FCATTR number(11) DEFAULT NULL,
  FMATTR number(11) DEFAULT NULL,
  READONLYCOLS varchar2(16) DEFAULT NULL
)

INSERT INTO F_P_428 VALUES ('1', 'PPID', 'PPID', '3', '50', '1', '1', '0', '1', '0', '0100000111000000');
INSERT INTO F_P_428 VALUES ('2', 'PID', 'PID', '3', '50', '1', '1', '0', '1', '0', '0100000111000000');
INSERT INTO F_P_428 VALUES ('3', 'DID', 'DID', '3', '50', '1', '1', '0', '1', '0', '0100000111000000');
INSERT INTO F_P_428 VALUES ('4', 'SFIELD', 'SFIELD', '1', '64', '1', '1', '0', '1', '0', '0100000111000000');
INSERT INTO F_P_428 VALUES ('5', 'TFIELD', 'TFIELD', '1', '64', '1', '1', '0', '1', '0', '0100000111000000');
INSERT INTO F_P_428 VALUES ('6', 'DEFAULTVALUE', 'DEFAULTVALUE', '1', '64', '0', '0', '0', '1', '0', '0100000111000000');
INSERT INTO F_P_428 VALUES ('7', 'BZ', 'BZ', '1', '1000', '0', '0', '0', '1', '0', '0100000111000000');
4. 执行语句
5. 创建库，可以添加数据，创建源表和目标表的关系了
